<?xml version="1.0" encoding="UTF-8"?>
<!DOCTYPE hibernate-configuration PUBLIC
        "-//Hibernate/Hibernate Configuration DTD 3.0//EN"
        "http://hibernate.org/dtd/hibernate-configuration-3.0.dtd">
<hibernate-configuration>
    <session-factory>
        <property name="hibernate.connection.driver_class">com.mysql.jdbc.Driver</property>
        <property name="hibernate.connection.url">jdbc:mysql://localhost:3306/Xatrock_maindb</property>
        <property name="hibernate.connection.username">root</property>
        <property name="hibernate.connection.password">13821390</property>
        <property name="hibernate.connection.pool_size">1</property>
        <property name="hibernate.current_session_context_class">thread</property>
        <property name="hbm2ddl.auto">create</property>

        <property name="hibernate.format_sql">true</property>

        <property name="hibernate.show_sql">false</property>
        <property name="hibernate.dialect">org.hibernate.dialect.MySQLDialect</property>

    </session-factory>
</hibernate-configuration>